{"cameraMode":{"drawMode":0,"name":"Shaded","section":"Shading Mode"},"sceneLighting":true,"audioPlay":false,"sceneViewState":{"showFog":true,"showMaterialUpdate":true,"showSkybox":true,"showFlares":true,"showImageEffects":true,"showParticleSystems":true},"in2DMode":false,"pivot":{"x":-1.6595810651779175,"y":2.8425731658935549,"z":-0.9678878784179688},"rotation":{"x":0.00026934719062410295,"y":0.997931718826294,"z":0.06414575129747391,"w":-0.004190429113805294},"size":11.532259941101075,"orthographic":false}