{"cameraMode":{"drawMode":0,"name":"Shaded","section":"Shading Mode"},"sceneLighting":true,"audioPlay":false,"sceneViewState":{"showFog":true,"showMaterialUpdate":true,"showSkybox":true,"showFlares":true,"showImageEffects":true,"showParticleSystems":true},"in2DMode":false,"pivot":{"x":0.5673084259033203,"y":0.19942665100097657,"z":-0.044692039489746097},"rotation":{"x":-0.027502330020070077,"y":0.9720742702484131,"z":-0.1787058711051941,"w":-0.14959940314292909},"size":17.034130096435548,"orthographic":false}