{"cameraMode":{"drawMode":0,"name":"Shaded","section":"Shading Mode"},"sceneLighting":true,"audioPlay":false,"sceneViewState":{"showFog":true,"showMaterialUpdate":true,"showSkybox":true,"showFlares":true,"showImageEffects":true,"showParticleSystems":true},"in2DMode":false,"pivot":{"x":2.219926118850708,"y":27.522703170776368,"z":-31.06007194519043},"rotation":{"x":-0.16772066056728364,"y":-0.1896076649427414,"z":0.03449200466275215,"w":-0.9678082466125488},"size":3.8491370677948,"orthographic":false}