{"cameraMode":{"drawMode":0,"name":"Shaded","section":"Shading Mode"},"sceneLighting":false,"audioPlay":false,"sceneViewState":{"showFog":true,"showMaterialUpdate":true,"showSkybox":false,"showFlares":true,"showImageEffects":true,"showParticleSystems":true},"in2DMode":false,"pivot":{"x":0.0693359375,"y":4.658447265625,"z":-3.02777099609375},"rotation":{"x":0.10040874779224396,"y":-0.06710902601480484,"z":0.006855209358036518,"w":0.9926868677139282},"size":6.744743347167969,"orthographic":true}