{"cameraMode":{"drawMode":0,"name":"Shaded","section":"Shading Mode"},"sceneLighting":false,"audioPlay":false,"sceneViewState":{"showFog":true,"showMaterialUpdate":true,"showSkybox":false,"showFlares":true,"showImageEffects":true,"showParticleSystems":true},"in2DMode":false,"pivot":{"x":0.27692854404449465,"y":1.3927419185638428,"z":0.9589592218399048},"rotation":{"x":-0.09995832294225693,"y":0.8324925303459168,"z":-0.1605611890554428,"w":-0.5214471220970154},"size":7.3799004554748539,"orthographic":true}