{"cameraMode":{"drawMode":0,"name":"Shaded","section":"Shading Mode"},"sceneLighting":true,"audioPlay":false,"sceneViewState":{"showFog":true,"showMaterialUpdate":true,"showSkybox":true,"showFlares":true,"showImageEffects":true,"showParticleSystems":true},"in2DMode":false,"pivot":{"x":-14.154159545898438,"y":21.216567993164064,"z":22.012832641601564},"rotation":{"x":0.06445157527923584,"y":-0.011078708805143834,"z":0.0007154418271966279,"w":0.9978634715080261},"size":95.42777252197266,"orthographic":false}