{"cameraMode":{"drawMode":0,"name":"Shaded","section":"Shading Mode"},"sceneLighting":false,"audioPlay":false,"sceneViewState":{"showFog":true,"showMaterialUpdate":true,"showSkybox":false,"showFlares":true,"showImageEffects":true,"showParticleSystems":true},"in2DMode":false,"pivot":{"x":0.9713172912597656,"y":1.921189785003662,"z":1.2242673635482789},"rotation":{"x":-0.16885948181152345,"y":0.7128925919532776,"z":-0.18388795852661134,"w":-0.6554173231124878},"size":8.700263023376465,"orthographic":true}