{"cameraMode":{"drawMode":0,"name":"Shaded","section":"Shading Mode"},"sceneLighting":true,"audioPlay":false,"sceneViewState":{"showFog":true,"showMaterialUpdate":true,"showSkybox":true,"showFlares":true,"showImageEffects":true,"showParticleSystems":true},"in2DMode":false,"pivot":{"x":0.04587101936340332,"y":4.891510009765625,"z":-0.42264223098754885},"rotation":{"x":0.03768252208828926,"y":0.6377691626548767,"z":0.03261443227529526,"w":-0.7699007987976074},"size":18.951065063476564,"orthographic":true}