{"cameraMode":{"drawMode":0,"name":"Shaded","section":"Shading Mode"},"sceneLighting":true,"audioPlay":false,"sceneViewState":{"showFog":true,"showMaterialUpdate":true,"showSkybox":true,"showFlares":true,"showImageEffects":true,"showParticleSystems":true},"in2DMode":false,"pivot":{"x":1.0804862976074219,"y":22.88223648071289,"z":-33.66015625},"rotation":{"x":-0.004936463199555874,"y":-0.9935351610183716,"z":0.10002902150154114,"w":-0.06883886456489563},"size":12.04774284362793,"orthographic":true}