{"cameraMode":{"drawMode":0,"name":"Shaded","section":"Shading Mode"},"sceneLighting":false,"audioPlay":false,"sceneViewState":{"showFog":true,"showMaterialUpdate":true,"showSkybox":false,"showFlares":true,"showImageEffects":true,"showParticleSystems":true},"in2DMode":false,"pivot":{"x":-5.945215225219727,"y":2.996011972427368,"z":3.726210117340088},"rotation":{"x":-0.03997873142361641,"y":-0.8237285017967224,"z":0.06316784024238587,"w":-0.5637688636779785},"size":23.768535614013673,"orthographic":true}