{"cameraMode":{"drawMode":0,"name":"Shaded","section":"Shading Mode"},"sceneLighting":true,"audioPlay":false,"sceneViewState":{"showFog":true,"showMaterialUpdate":true,"showSkybox":true,"showFlares":true,"showImageEffects":true,"showParticleSystems":true},"in2DMode":false,"pivot":{"x":-12.275390625,"y":22.7406005859375,"z":-28.148529052734376},"rotation":{"x":-0.024878790602087976,"y":-0.717861533164978,"z":0.02940206415951252,"w":-0.6961620450019836},"size":4.376705169677734,"orthographic":true}