{"cameraMode":{"drawMode":0,"name":"Shaded","section":"Shading Mode"},"sceneLighting":false,"audioPlay":false,"sceneViewState":{"showFog":true,"showMaterialUpdate":true,"showSkybox":false,"showFlares":true,"showImageEffects":true,"showParticleSystems":true},"in2DMode":false,"pivot":{"x":0.9713172912597656,"y":1.921189785003662,"z":1.2242673635482789},"rotation":{"x":0.11135735362768173,"y":-0.43405604362487795,"z":0.05432600528001785,"w":0.8924248218536377},"size":8.700263023376465,"orthographic":true}