{"cameraMode":{"drawMode":0,"name":"Shaded","section":"Shading Mode"},"sceneLighting":false,"audioPlay":false,"sceneViewState":{"showFog":true,"showMaterialUpdate":true,"showSkybox":false,"showFlares":true,"showImageEffects":true,"showParticleSystems":true},"in2DMode":false,"pivot":{"x":-2.2315828800201418,"y":-5.306699752807617,"z":-1.2013239860534669},"rotation":{"x":-0.04483606293797493,"y":-0.9315316677093506,"z":0.13244874775409699,"w":-0.3388771414756775},"size":26.508699417114259,"orthographic":true}