{"cameraMode":{"drawMode":0,"name":"Shaded","section":"Shading Mode"},"sceneLighting":false,"audioPlay":false,"sceneViewState":{"showFog":true,"showMaterialUpdate":true,"showSkybox":false,"showFlares":true,"showImageEffects":true,"showParticleSystems":true},"in2DMode":false,"pivot":{"x":-0.36438846588134768,"y":-1.211751937866211,"z":4.879159450531006},"rotation":{"x":0.02661982551217079,"y":0.8840200901031494,"z":-0.0507173053920269,"w":0.46394601464271548},"size":37.6459846496582,"orthographic":true}