{"cameraMode":{"drawMode":0,"name":"Shaded","section":"Shading Mode"},"sceneLighting":false,"audioPlay":false,"sceneViewState":{"showFog":true,"showMaterialUpdate":true,"showSkybox":false,"showFlares":true,"showImageEffects":true,"showParticleSystems":true},"in2DMode":false,"pivot":{"x":-2.2315828800201418,"y":-5.306699752807617,"z":-1.2013239860534669},"rotation":{"x":-0.02433602698147297,"y":-0.8524876236915588,"z":0.045649126172065738,"w":-0.5222274661064148},"size":26.508699417114259,"orthographic":true}