{"cameraMode":{"drawMode":0,"name":"Shaded","section":"Shading Mode"},"sceneLighting":false,"audioPlay":false,"sceneViewState":{"showFog":true,"showMaterialUpdate":true,"showSkybox":false,"showFlares":true,"showImageEffects":true,"showParticleSystems":true},"in2DMode":false,"pivot":{"x":-4.143416404724121,"y":4.3451080322265629,"z":5.876791477203369},"rotation":{"x":-0.09662670642137528,"y":-0.6208606958389282,"z":0.08201220631599426,"w":-0.7748820781707764},"size":29.89743423461914,"orthographic":true}