{"cameraMode":{"drawMode":0,"name":"Shaded","section":"Shading Mode"},"sceneLighting":false,"audioPlay":false,"sceneViewState":{"showFog":true,"showMaterialUpdate":true,"showSkybox":false,"showFlares":true,"showImageEffects":true,"showParticleSystems":true},"in2DMode":false,"pivot":{"x":3.688589096069336,"y":16.03896141052246,"z":-3.53572416305542},"rotation":{"x":-0.03918878734111786,"y":0.9485777616500855,"z":-0.2859731614589691,"w":-0.13000153005123139},"size":77.1572265625,"orthographic":true}