{"cameraMode":{"drawMode":0,"name":"Shaded","section":"Shading Mode"},"sceneLighting":false,"audioPlay":false,"sceneViewState":{"showFog":true,"showMaterialUpdate":true,"showSkybox":false,"showFlares":true,"showImageEffects":true,"showParticleSystems":true},"in2DMode":false,"pivot":{"x":0.09732222557067871,"y":1.532945156097412,"z":-0.6515188217163086},"rotation":{"x":-0.033523570746183398,"y":-0.08028264343738556,"z":0.006458794232457876,"w":-0.9972081184387207},"size":16.19814109802246,"orthographic":true}