{"cameraMode":{"drawMode":0,"name":"Shaded","section":"Shading Mode"},"sceneLighting":true,"audioPlay":false,"sceneViewState":{"showFog":true,"showMaterialUpdate":true,"showSkybox":true,"showFlares":true,"showImageEffects":true,"showParticleSystems":true},"in2DMode":false,"pivot":{"x":-9.055320739746094,"y":7.749856948852539,"z":155.36668395996095},"rotation":{"x":0.06445157527923584,"y":-0.011078708805143834,"z":0.0007154418271966279,"w":0.9978634715080261},"size":216.01019287109376,"orthographic":false}