{"cameraMode":{"drawMode":0,"name":"Shaded","section":"Shading Mode"},"sceneLighting":true,"audioPlay":false,"sceneViewState":{"showFog":true,"showMaterialUpdate":true,"showSkybox":false,"showFlares":true,"showImageEffects":true,"showParticleSystems":true},"in2DMode":false,"pivot":{"x":0.0,"y":15.429998397827149,"z":19.985004425048829},"rotation":{"x":-0.21978910267353059,"y":0.6397495865821838,"z":-0.1940159797668457,"w":-0.7115011215209961},"size":39.14835739135742,"orthographic":true}