{"cameraMode":{"drawMode":0,"name":"Shaded","section":"Shading Mode"},"sceneLighting":false,"audioPlay":false,"sceneViewState":{"showFog":true,"showMaterialUpdate":true,"showSkybox":false,"showFlares":true,"showImageEffects":true,"showParticleSystems":true},"in2DMode":false,"pivot":{"x":-5.945215225219727,"y":2.996011972427368,"z":3.726210117340088},"rotation":{"x":-0.0479656457901001,"y":-0.9270251393318176,"z":0.13511498272418977,"w":-0.3493165969848633},"size":23.768535614013673,"orthographic":true}