{"cameraMode":{"drawMode":0,"name":"Shaded","section":"Shading Mode"},"sceneLighting":true,"audioPlay":false,"sceneViewState":{"showFog":true,"showMaterialUpdate":true,"showSkybox":true,"showFlares":true,"showImageEffects":true,"showParticleSystems":true},"in2DMode":false,"pivot":{"x":12.376953125,"y":18.17578125,"z":-23.45166015625},"rotation":{"x":0.12507599592208863,"y":0.4995262324810028,"z":-0.07596476376056671,"w":0.8549556732177734},"size":11.962775230407715,"orthographic":true}