{"cameraMode":{"drawMode":0,"name":"Shaded","section":"Shading Mode"},"sceneLighting":false,"audioPlay":false,"sceneViewState":{"showFog":true,"showMaterialUpdate":true,"showSkybox":false,"showFlares":true,"showImageEffects":true,"showParticleSystems":true},"in2DMode":false,"pivot":{"x":-1.516634225845337,"y":1.6511964797973633,"z":2.761415719985962},"rotation":{"x":0.011970626190304757,"y":0.9750435948371887,"z":-0.05417698621749878,"w":0.21517367660999299},"size":21.665021896362306,"orthographic":true}