{"cameraMode":{"drawMode":0,"name":"Shaded","section":"Shading Mode"},"sceneLighting":false,"audioPlay":false,"sceneViewState":{"showFog":true,"showMaterialUpdate":true,"showSkybox":false,"showFlares":true,"showImageEffects":true,"showParticleSystems":true},"in2DMode":false,"pivot":{"x":-13.964098930358887,"y":45.42091751098633,"z":1.001397728919983},"rotation":{"x":-0.047168511897325519,"y":0.9308567643165588,"z":-0.13244935870170594,"w":-0.3383747637271881},"size":23.38252830505371,"orthographic":true}