{"cameraMode":{"drawMode":0,"name":"Shaded","section":"Shading Mode"},"sceneLighting":false,"audioPlay":false,"sceneViewState":{"showFog":true,"showMaterialUpdate":true,"showSkybox":false,"showFlares":true,"showImageEffects":true,"showParticleSystems":true},"in2DMode":false,"pivot":{"x":0.27692854404449465,"y":1.3927419185638428,"z":0.9589592218399048},"rotation":{"x":0.054498668760061267,"y":0.9211335182189941,"z":-0.13984587788581849,"w":0.36004838347435},"size":7.3799004554748539,"orthographic":true}