{"cameraMode":{"drawMode":0,"name":"Shaded","section":"Shading Mode"},"sceneLighting":true,"audioPlay":false,"sceneViewState":{"showFog":true,"showMaterialUpdate":true,"showSkybox":true,"showFlares":true,"showImageEffects":true,"showParticleSystems":true},"in2DMode":false,"pivot":{"x":3.5289533138275148,"y":10.490283966064454,"z":21.013790130615236},"rotation":{"x":-0.18391667306423188,"y":-0.09514643251895905,"z":0.02130172774195671,"w":-0.9791039824485779},"size":15.47639274597168,"orthographic":false}