{"cameraMode":{"drawMode":0,"name":"Shaded","section":"Shading Mode"},"sceneLighting":false,"audioPlay":false,"sceneViewState":{"showFog":true,"showMaterialUpdate":true,"showSkybox":false,"showFlares":true,"showImageEffects":true,"showParticleSystems":true},"in2DMode":false,"pivot":{"x":-9.864143371582032,"y":32.117584228515628,"z":-1.2534862756729127},"rotation":{"x":-0.02629552036523819,"y":0.966386079788208,"z":-0.11101970821619034,"w":-0.2315811663866043},"size":25.19721031188965,"orthographic":true}