{"cameraMode":{"drawMode":0,"name":"Shaded","section":"Shading Mode"},"sceneLighting":false,"audioPlay":false,"sceneViewState":{"showFog":true,"showMaterialUpdate":true,"showSkybox":false,"showFlares":true,"showImageEffects":true,"showParticleSystems":true},"in2DMode":false,"pivot":{"x":0.09732222557067871,"y":1.532945156097412,"z":-0.6515188217163086},"rotation":{"x":-0.08800554275512696,"y":-0.46169963479042055,"z":0.050380732864141467,"w":-0.882374107837677},"size":16.19814109802246,"orthographic":true}