{"cameraMode":{"drawMode":0,"name":"Shaded","section":"Shading Mode"},"sceneLighting":false,"audioPlay":false,"sceneViewState":{"showFog":true,"showMaterialUpdate":true,"showSkybox":false,"showFlares":true,"showImageEffects":true,"showParticleSystems":true},"in2DMode":false,"pivot":{"x":0.24634361267089845,"y":4.571414470672607,"z":-0.12589359283447267},"rotation":{"x":0.025661077350378038,"y":0.7231643199920654,"z":0.026907173916697503,"w":-0.6896750926971436},"size":21.700000762939454,"orthographic":false}