{"cameraMode":{"drawMode":0,"name":"Shaded","section":"Shading Mode"},"sceneLighting":true,"audioPlay":false,"sceneViewState":{"showFog":true,"showMaterialUpdate":true,"showSkybox":true,"showFlares":true,"showImageEffects":true,"showParticleSystems":true},"in2DMode":false,"pivot":{"x":-25.24384880065918,"y":-5.098413467407227,"z":2.061272621154785},"rotation":{"x":0.13803784549236298,"y":-0.8493813276290894,"z":0.2609131634235382,"w":0.4391607940196991},"size":60.001731872558597,"orthographic":true}