{"cameraMode":{"drawMode":0,"name":"Shaded","section":"Shading Mode"},"sceneLighting":true,"audioPlay":false,"sceneViewState":{"showFog":true,"showMaterialUpdate":true,"showSkybox":true,"showFlares":true,"showImageEffects":true,"showParticleSystems":true},"in2DMode":false,"pivot":{"x":423.4648132324219,"y":226.4086456298828,"z":0.6861572265625},"rotation":{"x":0.029994633048772813,"y":-0.008098271675407887,"z":0.00024287663109134883,"w":0.9995220303535461},"size":531.974609375,"orthographic":false}