{"cameraMode":{"drawMode":0,"name":"Shaded","section":"Shading Mode"},"sceneLighting":false,"audioPlay":false,"sceneViewState":{"showFog":true,"showMaterialUpdate":true,"showSkybox":false,"showFlares":true,"showImageEffects":true,"showParticleSystems":true},"in2DMode":false,"pivot":{"x":-0.36438846588134768,"y":-1.211751937866211,"z":4.879159450531006},"rotation":{"x":0.12314476072788239,"y":0.5336096882820129,"z":-0.08177321404218674,"w":0.8338463306427002},"size":99.44400024414063,"orthographic":true}