{"cameraMode":{"drawMode":0,"name":"Shaded","section":"Shading Mode"},"sceneLighting":false,"audioPlay":false,"sceneViewState":{"showFog":true,"showMaterialUpdate":true,"showSkybox":false,"showFlares":true,"showImageEffects":true,"showParticleSystems":true},"in2DMode":false,"pivot":{"x":0.07936620712280274,"y":0.04359269142150879,"z":-0.1060936450958252},"rotation":{"x":-0.02845625951886177,"y":0.971541702747345,"z":-0.16508163511753083,"w":-0.1674710512161255},"size":4.041658401489258,"orthographic":true}