{"cameraMode":{"drawMode":0,"name":"Shaded","section":"Shading Mode"},"sceneLighting":false,"audioPlay":false,"sceneViewState":{"showFog":true,"showMaterialUpdate":true,"showSkybox":false,"showFlares":true,"showImageEffects":true,"showParticleSystems":true},"in2DMode":false,"pivot":{"x":-1.516634225845337,"y":1.6511964797973633,"z":2.761415719985962},"rotation":{"x":0.04021644592285156,"y":0.9064642786979675,"z":-0.08866532146930695,"w":0.4110143780708313},"size":21.665021896362306,"orthographic":true}