{"cameraMode":{"drawMode":0,"name":"Shaded","section":"Shading Mode"},"sceneLighting":false,"audioPlay":false,"sceneViewState":{"showFog":true,"showMaterialUpdate":true,"showSkybox":false,"showFlares":true,"showImageEffects":true,"showParticleSystems":true},"in2DMode":false,"pivot":{"x":-0.347015380859375,"y":0.1815948486328125,"z":1.1982421875},"rotation":{"x":0.005548971239477396,"y":0.9944586157798767,"z":-0.07503403723239899,"w":0.07352513819932938},"size":2.348738431930542,"orthographic":true}