{"cameraMode":{"drawMode":0,"name":"Shaded","section":"Shading Mode"},"sceneLighting":true,"audioPlay":false,"sceneViewState":{"showFog":true,"showMaterialUpdate":true,"showSkybox":true,"showFlares":true,"showImageEffects":true,"showParticleSystems":true},"in2DMode":false,"pivot":{"x":-20.488445281982423,"y":205.31137084960938,"z":160.0682373046875},"rotation":{"x":0.08831939101219177,"y":0.03823835030198097,"z":-0.0033929848577827217,"w":0.9953523278236389},"size":463.7601013183594,"orthographic":false}