{"cameraMode":{"drawMode":0,"name":"Shaded","section":"Shading Mode"},"sceneLighting":false,"audioPlay":false,"sceneViewState":{"showFog":true,"showMaterialUpdate":true,"showSkybox":false,"showFlares":true,"showImageEffects":true,"showParticleSystems":true},"in2DMode":false,"pivot":{"x":-7.583251953125,"y":-1.22998046875,"z":5.0546875},"rotation":{"x":0.005959266796708107,"y":-0.9969371557235718,"z":0.07450249046087265,"w":0.049226704984903339},"size":31.331573486328126,"orthographic":true}