{"cameraMode":{"drawMode":0,"name":"Shaded","section":"Shading Mode"},"sceneLighting":false,"audioPlay":false,"sceneViewState":{"showFog":true,"showMaterialUpdate":true,"showSkybox":false,"showFlares":true,"showImageEffects":true,"showParticleSystems":true},"in2DMode":false,"pivot":{"x":3.5289533138275148,"y":10.490283966064454,"z":21.013790130615236},"rotation":{"x":0.06445157527923584,"y":-0.011078708805143834,"z":0.0007154418271966279,"w":0.9978634715080261},"size":22.0,"orthographic":false}