{"cameraMode":{"drawMode":0,"name":"Shaded","section":"Shading Mode"},"sceneLighting":false,"audioPlay":false,"sceneViewState":{"showFog":true,"showMaterialUpdate":true,"showSkybox":false,"showFlares":true,"showImageEffects":true,"showParticleSystems":true},"in2DMode":false,"pivot":{"x":0.0,"y":1.5665056705474854,"z":-0.6515188217163086},"rotation":{"x":0.03600974380970001,"y":0.9573003649711609,"z":-0.1494913548231125,"w":0.24873289465904237},"size":14.705618858337403,"orthographic":true}