{"cameraMode":{"drawMode":0,"name":"Shaded","section":"Shading Mode"},"sceneLighting":true,"audioPlay":false,"sceneViewState":{"showFog":true,"showMaterialUpdate":true,"showSkybox":true,"showFlares":true,"showImageEffects":true,"showParticleSystems":true},"in2DMode":false,"pivot":{"x":12.876599311828614,"y":4.289867401123047,"z":121.43737030029297},"rotation":{"x":0.08831939101219177,"y":0.03823835030198097,"z":-0.0033929848577827217,"w":0.9953523278236389},"size":201.32139587402345,"orthographic":false}