{"cameraMode":{"drawMode":0,"name":"Shaded","section":"Shading Mode"},"sceneLighting":true,"audioPlay":false,"sceneViewState":{"showFog":true,"showMaterialUpdate":true,"showSkybox":true,"showFlares":true,"showImageEffects":true,"showParticleSystems":true},"in2DMode":false,"pivot":{"x":-4.49355936050415,"y":20.84697723388672,"z":-27.353973388671876},"rotation":{"x":0.0009739645756781101,"y":-1.0009369850158692,"z":0.00931467767804861,"w":-0.000544808222912252},"size":15.47639274597168,"orthographic":false}