{"cameraMode":{"drawMode":0,"name":"Shaded","section":"Shading Mode"},"sceneLighting":false,"audioPlay":false,"sceneViewState":{"showFog":true,"showMaterialUpdate":true,"showSkybox":false,"showFlares":true,"showImageEffects":true,"showParticleSystems":true},"in2DMode":false,"pivot":{"x":19.47677993774414,"y":15.937891006469727,"z":-8.598969459533692},"rotation":{"x":0.12170466035604477,"y":-0.7624195218086243,"z":0.14874179661273957,"w":0.6194248199462891},"size":42.40532302856445,"orthographic":true}