{"cameraMode":{"drawMode":0,"name":"Shaded","section":"Shading Mode"},"sceneLighting":false,"audioPlay":false,"sceneViewState":{"showFog":true,"showMaterialUpdate":true,"showSkybox":false,"showFlares":true,"showImageEffects":true,"showParticleSystems":true},"in2DMode":false,"pivot":{"x":-0.36438846588134768,"y":-1.211751937866211,"z":4.879159450531006},"rotation":{"x":0.026740990579128267,"y":0.8317524194717407,"z":-0.04021153971552849,"w":0.5530589818954468},"size":37.6459846496582,"orthographic":true}