{"cameraMode":{"drawMode":0,"name":"Shaded","section":"Shading Mode"},"sceneLighting":true,"audioPlay":false,"sceneViewState":{"showFog":true,"showMaterialUpdate":true,"showSkybox":true,"showFlares":true,"showImageEffects":true,"showParticleSystems":true},"in2DMode":false,"pivot":{"x":-1.6558399200439454,"y":5.173941612243652,"z":2.4544730186462404},"rotation":{"x":0.025661077350378038,"y":0.7231643199920654,"z":0.026907173916697503,"w":-0.6896750926971436},"size":15.244885444641114,"orthographic":false}