{"cameraMode":{"drawMode":0,"name":"Shaded","section":"Shading Mode"},"sceneLighting":false,"audioPlay":false,"sceneViewState":{"showFog":true,"showMaterialUpdate":true,"showSkybox":false,"showFlares":true,"showImageEffects":true,"showParticleSystems":true},"in2DMode":false,"pivot":{"x":0.09732222557067871,"y":1.532945156097412,"z":-0.6515188217163086},"rotation":{"x":0.046583738178014758,"y":-0.8514766097068787,"z":0.06821295619010925,"w":0.5198152661323547},"size":16.19814109802246,"orthographic":true}