{"cameraMode":{"drawMode":0,"name":"Shaded","section":"Shading Mode"},"sceneLighting":false,"audioPlay":false,"sceneViewState":{"showFog":true,"showMaterialUpdate":true,"showSkybox":false,"showFlares":true,"showImageEffects":true,"showParticleSystems":true},"in2DMode":false,"pivot":{"x":-1.516634225845337,"y":1.6511964797973633,"z":2.761415719985962},"rotation":{"x":0.028196819126605989,"y":0.932033896446228,"z":-0.07425650209188461,"w":0.3536938428878784},"size":21.665021896362306,"orthographic":true}