{"cameraMode":{"drawMode":0,"name":"Shaded","section":"Shading Mode"},"sceneLighting":false,"audioPlay":false,"sceneViewState":{"showFog":true,"showMaterialUpdate":true,"showSkybox":false,"showFlares":true,"showImageEffects":true,"showParticleSystems":true},"in2DMode":false,"pivot":{"x":3.688589096069336,"y":16.03896141052246,"z":-3.53572416305542},"rotation":{"x":-0.012891734018921852,"y":0.9801819324493408,"z":-0.06804440170526505,"w":-0.18566270172595979},"size":53.518157958984378,"orthographic":true}