{"cameraMode":{"drawMode":0,"name":"Shaded","section":"Shading Mode"},"sceneLighting":true,"audioPlay":false,"sceneViewState":{"showFog":true,"showMaterialUpdate":true,"showSkybox":true,"showFlares":true,"showImageEffects":true,"showParticleSystems":true},"in2DMode":false,"pivot":{"x":1.8400001525878907,"y":22.192474365234376,"z":-29.92908477783203},"rotation":{"x":-0.04913904890418053,"y":-0.5087460875511169,"z":0.03070811554789543,"w":-0.8600829839706421},"size":4.816586017608643,"orthographic":true}