{"cameraMode":{"drawMode":0,"name":"Shaded","section":"Shading Mode"},"sceneLighting":false,"audioPlay":false,"sceneViewState":{"showFog":true,"showMaterialUpdate":true,"showSkybox":false,"showFlares":true,"showImageEffects":true,"showParticleSystems":true},"in2DMode":false,"pivot":{"x":-5.945215225219727,"y":2.996011972427368,"z":3.726210117340088},"rotation":{"x":-0.044910453259944919,"y":-0.9374213218688965,"z":0.14084511995315553,"w":-0.3183419406414032},"size":23.768535614013673,"orthographic":true}