{"cameraMode":{"drawMode":0,"name":"Shaded","section":"Shading Mode"},"sceneLighting":false,"audioPlay":false,"sceneViewState":{"showFog":true,"showMaterialUpdate":true,"showSkybox":false,"showFlares":true,"showImageEffects":true,"showParticleSystems":true},"in2DMode":false,"pivot":{"x":0.27692854404449465,"y":1.3927419185638428,"z":0.9589592218399048},"rotation":{"x":0.2275112420320511,"y":-0.40020430088043215,"z":0.10369252413511276,"w":0.8820893168449402},"size":5.779695987701416,"orthographic":true}