{"cameraMode":{"drawMode":0,"name":"Shaded","section":"Shading Mode"},"sceneLighting":false,"audioPlay":false,"sceneViewState":{"showFog":true,"showMaterialUpdate":true,"showSkybox":false,"showFlares":true,"showImageEffects":true,"showParticleSystems":true},"in2DMode":false,"pivot":{"x":-0.12877655029296876,"y":-0.7742047309875488,"z":-2.772067070007324},"rotation":{"x":-0.06510471552610398,"y":0.7664536833763123,"z":-0.07869040966033936,"w":-0.6341283917427063},"size":24.84572982788086,"orthographic":false}