{"cameraMode":{"drawMode":0,"name":"Shaded","section":"Shading Mode"},"sceneLighting":false,"audioPlay":false,"sceneViewState":{"showFog":true,"showMaterialUpdate":true,"showSkybox":false,"showFlares":true,"showImageEffects":true,"showParticleSystems":true},"in2DMode":false,"pivot":{"x":-2.2315828800201418,"y":-5.306699752807617,"z":-1.2013239860534669},"rotation":{"x":-0.023067889735102655,"y":-0.8595360517501831,"z":0.0446154959499836,"w":-0.5107004642486572},"size":26.508699417114259,"orthographic":true}