{"cameraMode":{"drawMode":0,"name":"Shaded","section":"Shading Mode"},"sceneLighting":false,"audioPlay":false,"sceneViewState":{"showFog":true,"showMaterialUpdate":true,"showSkybox":false,"showFlares":true,"showImageEffects":true,"showParticleSystems":true},"in2DMode":false,"pivot":{"x":0.0,"y":2.453094005584717,"z":0.48678016662597659},"rotation":{"x":0.005047930870205164,"y":0.08422854542732239,"z":-0.0009616863098926842,"w":0.9966848492622376},"size":8.141131401062012,"orthographic":true}