{"cameraMode":{"drawMode":0,"name":"Shaded","section":"Shading Mode"},"sceneLighting":true,"audioPlay":false,"sceneViewState":{"showFog":true,"showMaterialUpdate":true,"showSkybox":true,"showFlares":true,"showImageEffects":true,"showParticleSystems":true},"in2DMode":false,"pivot":{"x":-83.95195007324219,"y":-53.84303665161133,"z":75.86637878417969},"rotation":{"x":-0.3237493336200714,"y":0.5646103620529175,"z":-0.21594342589378358,"w":-0.7301847338676453},"size":368.8370361328125,"orthographic":false}