{"cameraMode":{"drawMode":0,"name":"Shaded","section":"Shading Mode"},"sceneLighting":false,"audioPlay":false,"sceneViewState":{"showFog":true,"showMaterialUpdate":true,"showSkybox":false,"showFlares":true,"showImageEffects":true,"showParticleSystems":true},"in2DMode":false,"pivot":{"x":-4.49355936050415,"y":20.84697723388672,"z":-27.353973388671876},"rotation":{"x":0.03768252208828926,"y":0.6377691626548767,"z":0.03261443227529526,"w":-0.7699007987976074},"size":22.0,"orthographic":true}