{"cameraMode":{"drawMode":0,"name":"Shaded","section":"Shading Mode"},"sceneLighting":true,"audioPlay":false,"sceneViewState":{"showFog":true,"showMaterialUpdate":true,"showSkybox":false,"showFlares":true,"showImageEffects":true,"showParticleSystems":true},"in2DMode":false,"pivot":{"x":-12.592439651489258,"y":41.537864685058597,"z":-1.911718487739563},"rotation":{"x":0.04043005406856537,"y":-0.3362409174442291,"z":-0.015214323066174984,"w":-0.9411212801933289},"size":20.215572357177736,"orthographic":true}