{"cameraMode":{"drawMode":0,"name":"Shaded","section":"Shading Mode"},"sceneLighting":false,"audioPlay":false,"sceneViewState":{"showFog":true,"showMaterialUpdate":true,"showSkybox":false,"showFlares":true,"showImageEffects":true,"showParticleSystems":true},"in2DMode":false,"pivot":{"x":0.09732222557067871,"y":1.532945156097412,"z":-0.6515188217163086},"rotation":{"x":0.0030970650259405376,"y":-0.9998312592506409,"z":0.02238081768155098,"w":-0.04326897859573364},"size":16.19814109802246,"orthographic":true}