{"cameraMode":{"drawMode":0,"name":"Shaded","section":"Shading Mode"},"sceneLighting":false,"audioPlay":false,"sceneViewState":{"showFog":true,"showMaterialUpdate":true,"showSkybox":false,"showFlares":true,"showImageEffects":true,"showParticleSystems":true},"in2DMode":false,"pivot":{"x":0.0,"y":1.5665056705474854,"z":-0.6515188217163086},"rotation":{"x":0.09881504625082016,"y":0.6914772987365723,"z":-0.09973900020122528,"w":0.7099931240081787},"size":8.019582748413086,"orthographic":true}