{"cameraMode":{"drawMode":0,"name":"Shaded","section":"Shading Mode"},"sceneLighting":false,"audioPlay":false,"sceneViewState":{"showFog":true,"showMaterialUpdate":true,"showSkybox":false,"showFlares":true,"showImageEffects":true,"showParticleSystems":true},"in2DMode":false,"pivot":{"x":0.0,"y":1.5665056705474854,"z":-0.6515188217163086},"rotation":{"x":-0.13303382694721223,"y":-0.8590964674949646,"z":0.2936640679836273,"w":-0.3999965488910675},"size":14.705618858337403,"orthographic":true}