{"cameraMode":{"drawMode":0,"name":"Shaded","section":"Shading Mode"},"sceneLighting":false,"audioPlay":false,"sceneViewState":{"showFog":true,"showMaterialUpdate":true,"showSkybox":false,"showFlares":true,"showImageEffects":true,"showParticleSystems":true},"in2DMode":false,"pivot":{"x":0.9713172912597656,"y":1.921189785003662,"z":1.2242673635482789},"rotation":{"x":0.09292431175708771,"y":-0.10643171519041062,"z":0.010223610326647759,"w":0.9900438785552979},"size":8.700263023376465,"orthographic":true}