{"cameraMode":{"drawMode":0,"name":"Shaded","section":"Shading Mode"},"sceneLighting":true,"audioPlay":false,"sceneViewState":{"showFog":true,"showMaterialUpdate":true,"showSkybox":true,"showFlares":true,"showImageEffects":true,"showParticleSystems":true},"in2DMode":false,"pivot":{"x":298.7099914550781,"y":258.9124755859375,"z":194.790283203125},"rotation":{"x":0.06445157527923584,"y":-0.011078708805143834,"z":0.0007154418271966279,"w":0.9978634715080261},"size":689.1915893554688,"orthographic":false}