{"cameraMode":{"drawMode":0,"name":"Shaded","section":"Shading Mode"},"sceneLighting":false,"audioPlay":false,"sceneViewState":{"showFog":true,"showMaterialUpdate":true,"showSkybox":false,"showFlares":true,"showImageEffects":true,"showParticleSystems":true},"in2DMode":false,"pivot":{"x":-2.2315828800201418,"y":-5.306699752807617,"z":-1.2013239860534669},"rotation":{"x":-0.07317296415567398,"y":-0.4402605891227722,"z":0.03951037675142288,"w":-0.8952025771141052},"size":26.508699417114259,"orthographic":true}