{"cameraMode":{"drawMode":0,"name":"Shaded","section":"Shading Mode"},"sceneLighting":true,"audioPlay":false,"sceneViewState":{"showFog":true,"showMaterialUpdate":true,"showSkybox":true,"showFlares":true,"showImageEffects":true,"showParticleSystems":true},"in2DMode":false,"pivot":{"x":-0.1309833526611328,"y":1.2482752799987794,"z":10.024946212768555},"rotation":{"x":-0.1070631593465805,"y":0.3069944381713867,"z":-0.034779708832502368,"w":-0.9450312256813049},"size":18.036314010620118,"orthographic":false}