{"cameraMode":{"drawMode":0,"name":"Shaded","section":"Shading Mode"},"sceneLighting":true,"audioPlay":false,"sceneViewState":{"showFog":true,"showMaterialUpdate":true,"showSkybox":true,"showFlares":true,"showImageEffects":true,"showParticleSystems":true},"in2DMode":false,"pivot":{"x":1.6634159088134766,"y":15.810774803161621,"z":124.36746978759766},"rotation":{"x":0.08831939101219177,"y":0.03823835030198097,"z":-0.0033929848577827217,"w":0.9953523278236389},"size":156.8401336669922,"orthographic":false}