{"cameraMode":{"drawMode":0,"name":"Shaded","section":"Shading Mode"},"sceneLighting":true,"audioPlay":false,"sceneViewState":{"showFog":true,"showMaterialUpdate":true,"showSkybox":true,"showFlares":true,"showImageEffects":true,"showParticleSystems":true},"in2DMode":false,"pivot":{"x":153.39772033691407,"y":123.82110595703125,"z":15.663328170776368},"rotation":{"x":-0.0684213936328888,"y":0.004563902039080858,"z":0.000019278493709862232,"w":-0.9986398220062256},"size":589.8967895507813,"orthographic":true}