{"cameraMode":{"drawMode":0,"name":"Shaded","section":"Shading Mode"},"sceneLighting":false,"audioPlay":false,"sceneViewState":{"showFog":true,"showMaterialUpdate":true,"showSkybox":false,"showFlares":true,"showImageEffects":true,"showParticleSystems":true},"in2DMode":false,"pivot":{"x":-4.52873420715332,"y":-2.3092503547668459,"z":0.08195304870605469},"rotation":{"x":0.03600974380970001,"y":0.9573003649711609,"z":-0.1494913548231125,"w":0.24873289465904237},"size":28.6099853515625,"orthographic":true}